{"cameraMode":{"drawMode":0,"name":"Shaded","section":"Shading Mode"},"sceneLighting":true,"audioPlay":false,"sceneViewState":{"m_AlwaysRefresh":false,"showFog":true,"showSkybox":false,"showFlares":true,"showImageEffects":true,"showParticleSystems":true,"showVisualEffectGraphs":true,"m_FxEnabled":true},"in2DMode":false,"pivot":{"x":373.19000244140627,"y":207.1999969482422,"z":-38.900001525878909},"rotation":{"x":-0.005026967730373144,"y":-0.3643287122249603,"z":0.0019695740193128587,"w":-0.9312766790390015},"size":2.930087089538574,"orthographic":true}