{"cameraMode":{"drawMode":0,"name":"Shaded","section":"Shading Mode"},"sceneLighting":true,"audioPlay":false,"sceneViewState":{"m_AlwaysRefresh":false,"showFog":true,"showSkybox":false,"showFlares":true,"showImageEffects":true,"showParticleSystems":true,"showVisualEffectGraphs":true,"m_FxEnabled":true},"in2DMode":false,"pivot":{"x":-2.9923458099365236,"y":3.3299999237060549,"z":22.092945098876954},"rotation":{"x":-0.13389848172664643,"y":-0.03805384784936905,"z":0.005151717457920313,"w":-0.9902721643447876},"size":3.7193381786346437,"orthographic":true}