{"cameraMode":{"drawMode":0,"name":"Shaded","section":"Shading Mode"},"sceneLighting":true,"audioPlay":false,"sceneViewState":{"m_AlwaysRefresh":false,"showFog":true,"showSkybox":true,"showFlares":true,"showImageEffects":true,"showParticleSystems":true,"showVisualEffectGraphs":true,"m_FxEnabled":true},"in2DMode":false,"pivot":{"x":7.399999618530273,"y":20.987438201904298,"z":-58.79999923706055},"rotation":{"x":0.17002783715724946,"y":-0.10767092555761337,"z":0.018692579120397569,"w":0.9793626666069031},"size":4.021475791931152,"orthographic":true}