{"cameraMode":{"drawMode":0,"name":"Shaded","section":"Shading Mode"},"sceneLighting":true,"audioPlay":false,"sceneViewState":{"m_AlwaysRefresh":false,"showFog":true,"showSkybox":true,"showFlares":true,"showImageEffects":true,"showParticleSystems":true,"showVisualEffectGraphs":true,"m_FxEnabled":true},"in2DMode":false,"pivot":{"x":373.19000244140627,"y":207.1999969482422,"z":-38.900001525878909},"rotation":{"x":-0.017387615516781808,"y":-0.9774316549301148,"z":0.08909310400485993,"w":-0.19090895354747773},"size":13.381752967834473,"orthographic":false}