{"cameraMode":{"drawMode":0,"name":"Shaded","section":"Shading Mode"},"sceneLighting":true,"audioPlay":false,"sceneViewState":{"m_AlwaysRefresh":false,"showFog":true,"showSkybox":true,"showFlares":true,"showImageEffects":true,"showParticleSystems":true,"showVisualEffectGraphs":true,"m_FxEnabled":true},"in2DMode":false,"pivot":{"x":486.1483154296875,"y":215.60000610351563,"z":-25.424713134765626},"rotation":{"x":-0.008991558104753495,"y":-0.03811424970626831,"z":0.0003719514061231166,"w":-0.9992664456367493},"size":155.5288848876953,"orthographic":false}