{"cameraMode":{"drawMode":0,"name":"Shaded","section":"Shading Mode"},"sceneLighting":false,"audioPlay":false,"sceneViewState":{"m_AlwaysRefresh":false,"showFog":true,"showSkybox":false,"showFlares":true,"showImageEffects":true,"showParticleSystems":true,"showVisualEffectGraphs":true,"m_FxEnabled":true},"in2DMode":false,"pivot":{"x":463.1000061035156,"y":201.22300720214845,"z":-0.3999999761581421},"rotation":{"x":0.008283504284918309,"y":-0.7250753045082092,"z":0.00868306029587984,"w":0.6886060833930969},"size":0.8660253882408142,"orthographic":false}